{
  "final_soc_rmse": 0.05439944483404814,
  "final_wlss_%": 0.37174293551998105,
  "training_time_s": 38.321772813797,
  "total_steps": 50000,
  "best_parameters": {
    "i0": 0.00011000000000000002,
    "alpha": 0.6499999999999999
  }
}