{
  "pemfc": {
    "rmse_mV": 27.659067809847784,
    "mae_mV": 25.721643540329346,
    "r_squared": 0.9350327837521217,
    "time_s": 0.007882118225097656,
    "iterations": 0,
    "params": {
      "i0": 5.4362054440352395e-06,
      "alpha": 0.4946296553582244,
      "R_ohm": 0.13935291375619605,
      "i_L": 2.330275271994723
    }
  },
  "vrfb": {
    "optimal_efficiency_%": 72.15787799849252,
    "optimal_thickness_mm": 3.0,
    "optimal_flow_rate_mL_s": 23.10400212766383,
    "pumping_power_W": 0.010178280623669976,
    "time_s": 0.014195919036865234,
    "evaluations": 2
  }
}