{
  "pemfc": {
    "rmse_mV": 27.65906779897521,
    "mae_mV": 25.721643542980694,
    "r_squared": 0.935032783803198,
    "time_s": 0.04811978340148926,
    "iterations": 0,
    "params": {
      "i0": 5.436203813410757e-06,
      "alpha": 0.4946296705492067,
      "R_ohm": 0.13935292192964285,
      "i_L": 2.330275946307321
    }
  },
  "vrfb": {
    "optimal_efficiency_%": 72.15787799849252,
    "optimal_thickness_mm": 3.0,
    "optimal_flow_rate_mL_s": 23.10400212766383,
    "pumping_power_W": 0.010178280623669976,
    "time_s": 0.04541206359863281,
    "evaluations": 2
  }
}